"lon","lat","country_id","profile_id","profile_code","classification","img"
"140.06666666666666","-35.93333333333333","AU",63669,"AU001","Solonetz","10402"
"118.21666666666667","-31.466666666666665","AU",63670,"AU002","Arenosol","10403"
"137.53333333333333","-32.85","AU",63671,"AU003","Gypsisol","00630"
"150.6","-26.716666666666665","AU",69591,"AU004","Vertisol","10405"
"144.85","-35.35","AU",69713,"AU005","Vertisol","10406"
"151.51666666666668","-27.55","AU",69847,"AU006","Vertisol","01361"
"140.78333333333333","-37.85","AU",63672,"AU007","Chernozem","10407"
"152.03333333333333","-29.016666666666666","AU",63673,"AU008","Phaeozem","00662"
"138.65","-34.96666666666667","AU",63674,"AU009","Vertisol","10409"
"140.93333333333334","-36.9","AU",63675,"AU010","Solonetz","00516"
"150.58333333333334","-26.633333333333333","AU",63676,"AU011","Solonetz","01364"
"118.08333333333333","-31.533333333333335","AU",63677,"AU012","Cambisol","10412"
"145.25","-36.43333333333333","AU",63678,"AU013","Luvisol","01365"
"116.78333333333333","-31.883333333333333","AU",63679,"AU014","Luvisol","10414"
"153.25","-30.366666666666667","AU",63680,"AU015","Luvisol","01367"
"137.55","-32.86666666666667","AU",63681,"AU016","Gypsisol","10417"
"148.33333333333334","-34.71666666666667","AU",63682,"AU017","Luvisol","00629"
"152.95","-26.683333333333334","AU",63683,"AU018","Lixisol","10765"
"152.88333333333333","-27.366666666666667","AU",63684,"AU019","Acrisol","00615"
"140.53333333333333","-36.86666666666667","AU",63685,"AU020","Cambisol","10420"
"151.7","-27.666666666666668","AU",63686,"AU021","Phaeozem","10421"
"152.85","-26.183333333333334","AU",63687,"AU022","Acrisol","10422"
"140.83333333333334","-36.28333333333333","AU",63688,"AU023","Solonetz","10423"
"152.4","-24.85","AU",63689,"AU024","Nitisol","10424"
"139.06666666666666","-34.7","AU",63690,"AU025","Acrisol","10426"
"149.06666666666666","-35.2","AU",63691,"AU026","Luvisol","00627"
"149.08333333333334","-35.2","AU",63692,"AU027","Luvisol","10428"
"141.4","-38","AU",63693,"AU028","Lixisol","00541"
"151.63333333333333","-30.533333333333335","AU",69797,"AU029","Plinthosol","10431"
"138.65","-34.96666666666667","AU",63714,"AU030","Luvisol","10433"
"153.01666666666668","-26.85","AU",69762,"AU031","Planosol","00626"
"140.56666666666666","-36.96666666666667","AU",63694,"AU032","Podzol","10435"
"152.5","-30.5","AU",69670,"AU033","Umbrisol","00548"
"150.53333333333333","-29.45","AU",69836,"AU039","Vertisol","10677"
"5.916666666666667","50.61666666666667","BE",69872,"BE001","Alisol","00001"
"5.916666666666667","50.61666666666667","BE",69880,"BE002","Albeluvisol","00007"
"5.0713888888888885","51.15472222222222","BE",69614,"BE003","Podzol","10439"
"5.064166666666667","51.150555555555556","BE",69758,"BE004","Podzol","10440"
"4.643989583333333","50.883665","BE",250579,"BE006","Luvisol","10244"
"4.643435111111112","50.88366383333333","BE",250580,"BE007","Retisol","10248"
"4.64460275","50.88333333333333","BE",250581,"BE008","Luvisol","10252"
"4.64460275","50.88331461111111","BE",250582,"BE009","Cambisol","10254"
"4.260927777777778","50.83443333333334","BE",250583,"BE010","Stagnosol","10258"
"0.311389","11.970833","BF",47010,"BF001","Plinthosol","10446"
"2.107222","6.716667","BJ",47381,"BJ001","Lixisol","10447"
"2.308056","7.987222","BJ",47579,"BJ002","Lixisol",NULL
"2.276389","6.964722","BJ",47555,"BJ003","Vertisol","10449"
"2.3666670322418213","7.050000190734863","BJ",47920,"BJ004","Arenosol","10450"
"-43.68333333333333","-22.75","BR",69779,"BR001","Lixisol","03787"
"-42.11666666666667","-21.633333333333333","BR",69674,"BR002","Lixisol","03797"
"-42.083333333333336","-21.133333333333333","BR",69894,"BR003","Ferralsol","03814"
"-47.78333333333333","-21.35","BR",69606,"BR004","Ferralsol","03823"
"-47.733333333333334","-21.35","BR",69882,"BR005","Ferralsol","03834"
"-50.31666666666667","-22.55","BR",69679,"BR006","Ferralsol","03843"
"-51.166666666666664","-23.666666666666668","BR",69548,"BR007","Nitisol","03849"
"-51.71666666666667","-24.3","BR",69725,"BR008","Nitisol","03861"
"-51.53333333333333","-25.1","BR",69559,"BR009","Ferralsol","03871"
"-49.18333333333333","-25.666666666666668","BR",69851,"BR010","Ferralsol","03882"
"-47.18333333333333","-1.3666666666666667","BR",71746,"BR011","Ferralsol","03892"
"-54.95","-2.6","BR",69866,"BR012","Anthrosol","03901"
"-54.93333333333333","-2.9","BR",69564,"BR013","Ferralsol","03911"
"-47.708888888888886","-15.610555555555555","BR",69732,"BR014","Ferralsol","05892"
"-47.75138888888889","-15.608333333333333","BR",69753,"BR015","Ferralsol","05904"
"-35.25","-7.733333333333333","BR",69568,"BR016","Phaeozem","05909"
"-36.85","-9.383333333333333","BR",71729,"BR017","Solonetz","05916"
"-36.53333333333333","-9.933333333333334","BR",69700,"BR018","Stagnosol","05926"
"-34.333333333333336","-7.283333333333333","BR",69703,"BR019","Podzol","05930"
"-35.13333333333333","-6.67","BR",71766,"BR020","Arenosol","05936"
"-37","-7.266666666666667","BR",69546,"BR021","Luvisol","05941"
"-36.2","-7.233333333333333","BR",69634,"BR022","Solonetz","05943"
"-35.016666666666666","-8.35","BR",69816,"BR023","Acrisol","05964"
"-48.165","-19.154444444444444","BR",69599,"BR024","Ferralsol","05972"
"-48.6875","-19.954444444444444","BR",69622,"BR025","Ferralsol","05987"
"-47.833333333333336","-15.908888888888889","BR",69598,"BR026","Ferralsol","05992"
"-49.666666666666664","-11.883333333333333","BR",71725,"BR027","Plinthosol","10477"
"-50","-12","BR",69775,"BR028","Gleysol","10478"
"-43.601280212402344","-22.95256805419922","BR",69843,"BR029","Planosol","10479"
"90.73108333333333","27.53736111111111","BT",250584,"BT001","Podzol","10313"
"90.17197222222222","27.477444444444444","BT",250586,"BT002","Andosol","10310"
"90.15822222222222","27.452805555555557","BT",250587,"BT003","Umbrisol","10308"
"89.90691666666666","27.54938888888889","BT",250588,"BT004","Nitisol","10305"
"26.4","-23.066667","BW",48786,"BW001","Luvisol","00418"
"26.35","-23.066667","BW",48779,"BW002","Vertisol","00419"
"26.8","-23.066667","BW",48825,"BW003","Luvisol","10485"
"26.8","-23.066667","BW",48826,"BW004","Calcisol","00619"
"26.8","-23.066667","BW",48827,"BW005","Solonetz","00621"
"26.8","-23.066667","BW",48828,"BW006","Luvisol","00623"
"25.916667","-24.166667","BW",48758,"BW007","Luvisol","10489"
"-111.63677978515625","49.74591827392578","CA",63786,"CA001","Cambisol","10490"
"-112.8","49.71666666666667","CA",63656,"CA002","Kastanozem","10491"
"-113.7","52.5","CA",63657,"CA003","Phaeozem","10492"
"-100.1","49.1","CA",63658,"CA004","Luvisol","10493"
"-104.28333333333333","49.55","CA",63659,"CA006","Solonetz","10494"
"-112.0166015625","50.65964126586914","CA",63787,"CA007","Solonetz","10495"
"-79.42222222222222","43.172222222222224","CA",63752,"CA008","Luvisol","10496"
"-117.5375","55.7875","CA",63779,"CA009","Luvisol","10497"
"-115.5","52.45","CA",63660,"CA010","Luvisol","10498"
"-63.890277777777776","45.88583333333333","CA",63780,"CA013","Luvisol","10499"
"-63.416666666666664","45.416666666666664","CA",69823,"CA014","Podzol","10766"
"-119.39583333333333","55.201388888888886","CA",63781,"CA015","Planosol","10500"
"-115.05","51.03333333333333","CA",63661,"CA016","Cambisol","10501"
"-98.18333333333334","49.95","CA",63711,"CA017","Fluvisol","10502"
"-64.48361111111112","45.06444444444445","CA",63782,"CA018","Luvisol","10503"
"-123.15277777777777","49.08888888888889","CA",63753,"CA020","Gleysol","10504"
"-75.48222222222222","45.30416666666667","CA",63754,"CA021","Gleysol","10505"
"-101.2","49.583333333333336","CA",63713,"CA022","Planosol","10506"
"-119.40555555555555","49.890277777777776","CA",63755,"CA023","Arenosol","10507"
"-122.56111111111112","49.263888888888886","CA",63756,"CA024","Podzol","10508"
"24.466667","0.866667","CD",49137,"CD001","Ferralsol","10509"
"24.448333","0.766667","CD",49136,"CD002","Ferralsol","10510"
"-7.333333","5.883333","CI",49566,"CI001","Acrisol","10511"
"-7.333333","5.883333","CI",49567,"CI002","Acrisol","10512"
"-7.333333","5.883333","CI",49568,"CI003","Acrisol","10513"
"-7.333333","5.883333","CI",49569,"CI004","Acrisol","10514"
"-7.333333","5.883333","CI",49570,"CI005","Gleysol","10515"
"-7.425","5.85","CI",49554,"CI006","Acrisol","10516"
"-7.333333","5.85","CI",49565,"CI007","Acrisol","10517"
"-71.70561111111111","-36.93527777777778","CL",250589,"CL001","Luvisol","10518"
"-71.50008333333334","-31.81286111111111","CL",250590,"CL002","Arenosol","10519"
"-71.8313888888889","-36.75611111111111","CL",250591,"CL003","Andosol","10520"
"-71.31488888888889","-35.61152777777778","CL",250592,"CL004","Andosol","10521"
"-71.33652777777777","-35.104083333333335","CL",250593,"CL005","Andosol","10522"
"-70.83416666666666","-33.49666666666667","CL",250594,"CL006","Stagnosol","10523"
"9.339444","4.243333","CM",49810,"CM001","Nitisol","10524"
"118.7","32.25","CN",69685,"CN001","Luvisol","03289"
"119.33333333333333","32.05","CN",69636,"CN002","Stagnosol","03301"
"121.4","31.316666666666666","CN",69855,"CN003","Anthrosol","03315"
"113.08333333333333","28.2","CN",69907,"CN004","Ferralsol","03327"
"113.15","28.2","CN",69683,"CN005","Cambisol","03338"
"110.51666666666667","24.816666666666666","CN",69794,"CN006","Luvisol","03448"
"113.46666666666667","23.216666666666665","CN",69593,"CN007","Ferralsol","03464"
"112.58333333333333","23.133333333333333","CN",69763,"CN008","Ferralsol","03472"
"108.05833333333334","34.44166666666667","CN",69619,"CN009","Anthrosol","03922"
"104.125","35.9","CN",69489,"CN010","Cambisol","03945"
"104.125","35.88333333333333","CN",69829,"CN011","Anthrosol","03963"
"87.04166666666667","44.1","CN",69652,"CN012","Regosol","03980"
"87.2","44","CN",69533,"CN013","Anthrosol","04001"
"89.5","42.833333333333336","CN",69878,"CN014","Solonchak","04017"
"87.75","44.43333333333333","CN",69650,"CN015","Arenosol","04033"
"87.66666666666667","43.583333333333336","CN",63624,"CN016","Regosol","04041"
"109.48333333333333","19.483333333333334","CN",69905,"CN017","Ferralsol","09815"
"109.9","19.833333333333332","CN",69496,"CN018","Ferralsol","09818"
"109.5","18.9","CN",69799,"CN019","Acrisol","09821"
"110.33333333333333","18.766666666666666","CN",69692,"CN020","Ferralsol","09823"
"116.91666666666667","28.216666666666665","CN",69643,"CN021","Acrisol","09825"
"116.91666666666667","28.216666666666665","CN",69630,"CN022","Alisol","09829"
"116.91666666666667","28.216666666666665","CN",69870,"CN023","Alisol","09831"
"116.91666666666667","28.216666666666665","CN",69715,"CN024","Anthrosol","09834"
"116.26666666666667","28.483333333333334","CN",69936,"CN025","Lixisol","08450"
"117.31666666666666","27.833333333333332","CN",69706,"CN026","Cambisol","08456"
"117.75","27.866666666666667","CN",69736,"CN027","Cambisol","08464"
"117","27","CN",69672,"CN028","Acrisol","08472"
"114.18333333333334","24.283333333333335","CN",69825,"CN029","Acrisol","08476"
"113.26666666666667","24.433333333333334","CN",69490,"CN030","Ferralsol","08481"
"114.28333333333333","24.383333333333333","CN",69492,"CN031","Nitisol","08493"
"113.65833333333333","23.65","CN",69504,"CN032","Ferralsol","08504"
"113.19166666666666","23.058333333333334","CN",69772,"CN033","Fluvisol","08510"
"120.46666666666667","41.45","CN",69584,"CN034","Cambisol","09298"
"123.48333333333333","42.016666666666666","CN",69828,"CN035","Phaeozem","09311"
"123.65","41.833333333333336","CN",69919,"CN036","Luvisol","09322"
"128.1","42.4","CN",69865,"CN037","Luvisol","09331"
"125.91666666666667","46.03333333333333","CN",69712,"CN038","Solonetz","09353"
"125.78333333333333","46.05","CN",69801,"CN039","Chernozem","09365"
"127.11666666666666","45.46666666666667","CN",69857,"CN040","Phaeozem","09375"
"126.7","46.06666666666667","CN",69770,"CN041","Phaeozem","09389"
"126.13333333333334","48.71666666666667","CN",69676,"CN042","Leptosol","09398"
"103.56666666666666","24.866666666666667","CN",69541,"CN043","Ferralsol","08835"
"101.23333333333333","21.916666666666668","CN",69484,"CN044","Cambisol","08853"
"102.01666666666667","23.6","CN",69577,"CN045","Cambisol","08870"
"101.85","25.666666666666668","CN",69684,"CN046","Stagnosol","08884"
"106.43333333333334","26.383333333333333","CN",69885,"CN047","Alisol","08897"
"106.43333333333334","26.383333333333333","CN",69508,"CN048","Ferralsol","08913"
"106.43333333333334","26.383333333333333","CN",69536,"CN049","Phaeozem","08929"
"104.75","30.1","CN",69592,"CN050","Cambisol","08946"
"104.75","30.1","CN",69868,"CN051","Anthrosol","08964"
"-73.38333333333334","4.15","CO",69695,"CO001","Acrisol","10571"
"-72.91666666666667","4.166666666666667","CO",69746,"CO002","Ferralsol","10572"
"-72.8","4.1","CO",69786,"CO003","Acrisol","10573"
"-70.01666666666667","-4.033333333333333","CO",69518,"CO004","Cambisol","10574"
"-69.95","-4.133333333333334","CO",69711,"CO005","Alisol","10575"
"-69.95","-3.9333333333333336","CO",69691,"CO006","Alisol",NULL
"-72.23333333333333","-0.4666666666666667","CO",69923,"CO007","Acrisol","10577"
"-72.15","-0.4","CO",69576,"CO008","Acrisol","10578"
"-72.21666666666667","-0.4666666666666667","CO",69778,"CO009","Acrisol",NULL
"-72.21666666666667","-0.45","CO",69933,"CO010","Arenosol","10580"
"-77.36666666666666","1.1166666666666667","CO",69856,"CO011","Andosol","10581"
"-77.33333333333333","1.3333333333333333","CO",69522,"CO012","Andosol","10582"
"-77.18333333333334","1.1666666666666667","CO",69668,"CO013","Andosol","10583"
"-77.36666666666666","1.1666666666666667","CO",69586,"CO014","Andosol","10584"
"-72.63333333333334","2.5","CO",69516,"CO015","Acrisol","10585"
"-72.63333333333334","2.3833333333333333","CO",69575,"CO016","Ferralsol",NULL
"-72.56666666666666","2.6","CO",71745,"CO017","Fluvisol","10587"
"-72.66666666666667","2.4166666666666665","CO",69660,"CO018","Acrisol","10588"
"-83.66527777777777","9.9","CR",71728,"CR001","Cambisol","10589"
"-83.66388888888889","9.883333333333333","CR",71739,"CR002","Umbrisol","10590"
"-85.60555555555555","10.891666666666667","CR",71765,"CR003","Gleysol","10591"
"-83.69722222222222","9.880555555555556","CR",71747,"CR004","Andosol","10592"
"-83.70833333333333","10.566666666666666","CR",71736,"CR005","Andosol","10593"
"-83.77916666666667","10.220833333333333","CR",69624,"CR006","Andosol","10594"
"-83.775","10.227777777777778","CR",71730,"CR007","Andosol","10595"
"-83.54166666666667","10.183333333333334","CR",71727,"CR008","Ferralsol","10596"
"-83.54166666666667","10.170833333333333","CR",69625,"CR009","Acrisol","10597"
"-83.88333333333334","10.4","CR",63665,"CR010","Fluvisol",NULL
"-83.625","10.316666666666666","CR",63666,"CR011","Andosol",NULL
"-83.75222222222222","9.963888888888889","CR",69901,"CR012","Andosol","10600"
"-82.16666666666667","22.733333333333334","CU",69841,"CU001","Vertisol","10602"
"-83.15","22.533333333333335","CU",69908,"CU002","Luvisol","10601"
"-81.91666666666667","23","CU",69497,"CU003","Ferralsol","10603"
"-80.05","22.783333333333335","CU",69864,"CU004","Gleysol","10767"
"-81.13333333333334","22.816666666666666","CU",69529,"CU005","Ferralsol","10604"
"-78.13333333333334","21.55","CU",69514,"CU006","Vertisol","10605"
"-78.78333333333333","21.666666666666668","CU",69815,"CU007","Ferralsol","09551"
"-79.36666666666666","22.05","CU",69642,"CU008","Cambisol","10607"
"-80.31666666666666","22.266666666666666","CU",69858,"CU009","Vertisol","10608"
"-80.25","22.816666666666666","CU",69600,"CU010","Phaeozem","10609"
"-83.28333333333333","22.916666666666668","CU",69641,"CU011","Cambisol","10610"
"-80.25","21.916666666666668","CU",69886,"CU012","Ferralsol","10611"
"-79.75","22.583333333333332","CU",69821,"CU013","Vertisol","10612"
"-76.58333333333333","21.166666666666668","CU",69690,"CU014","Calcisol","10613"
"-75.16666666666667","20.033333333333335","CU",69558,"CU015","Solonchak","09561"
"-75.2","20.2","CU",69922,"CU016","Kastanozem","10615"
"-76.08333333333333","20.333333333333332","CU",69501,"CU017","Calcisol","09564"
"-76.16666666666667","20.333333333333332","CU",69811,"CU018","Vertisol","10617"
"-76.75","20.2","CU",69657,"CU019","Vertisol","10618"
"-76.41666666666667","20.75","CU",69727,"CU020","Vertisol","09553"
"-75.83333333333333","20.666666666666668","CU",69879,"CU021","Vertisol","10620"
"-75.75","20.55","CU",69796,"CU022","Plinthosol","09557"
"6.383333333333334","50.85","DE",69709,"DE001","Luvisol","00011"
"6.433333333333334","50.85","DE",69696,"DE002","Albeluvisol","00042"
"6.416666666666667","50.916666666666664","DE",69750,"DE003","Stagnosol","00049"
"6.429444444444444","50.903888888888886","DE",63721,"DE004","Luvisol","00055"
"6.416666666666667","50.9","DE",69658,"DE005","Gleysol","00058"
"6.416666666666667","50.9","DE",69911,"DE006","Gleysol","00062"
"10.100000381469727","54.33332824707031","DE",63662,"DE007","Alisol","00067"
"11.133333333333333","54.416666666666664","DE",69635,"DE008","Phaeozem","00069"
"10.100000381469727","54.33332824707031","DE",63668,"DE009","Cambisol","00073"
"6.390555555555555","50.47416666666667","DE",63722,"DE010","Leptosol","00127"
"6.383055555555556","50.479166666666664","DE",69520,"DE011","Cambisol","00142"
"6.949999809265137","50.349998474121094","DE",63712,"DE012","Alisol","00149"
"9.966666666666667","52.2","DE",69888,"DE013","Chernozem","00221"
"9.963461","52.242347","DE",69728,"DE014","Chernozem","00229"
"9.966666666666667","52.21666666666667","DE",69506,"DE015","Phaeozem","00233"
"9.948431015014648","52.21900939941406","DE",69628,"DE016","Luvisol","00240"
"10.837530136108398","52.057559967041016","DE",69623,"DE017","Chernozem","00243"
"8.097896575927734","52.184959411621094","DE",69509,"DE019","Albeluvisol","10639"
"6.77252197265625","50.08475875854492","DE",63811,"DE020","Phaeozem","10640"
"11.4760103225708","53.99964904785156","DE",63783,"DE021","Chernozem","10641"
"12.378410339355469","54.0908088684082","DE",63817,"DE022","Luvisol","10642"
"12.351178169250488","54.07331085205078","DE",63814,"DE023","Luvisol","10643"
"12.040653228759766","54.07898712158203","DE",63813,"DE024","Luvisol","10644"
"12.301054954528809","54.06602096557617","DE",63810,"DE025","Gleysol","10645"
"9.983611111111111","56.65277777777778","DK",63724,"DK001","Umbrisol","10646"
"8.333333333333334","56.266666666666666","DK",63626,"DK002","Podzol","10648"
"8.408333333333333","56.46666666666667","DK",63627,"DK003","Podzol","10768"
"-78.11666666666666","0.016666666666666666","EC",71770,"EC001","Durisol","06513"
"-78.5625","-0.3375","EC",71764,"EC002","Andosol","06522"
"-78.64444444444445","-0.5333333333333333","EC",71763,"EC003","Andosol","06530"
"-89.5","-0.8833333333333333","EC",71753,"EC004","Alisol","06544"
"-89.55","-0.9166666666666666","EC",71734,"EC005","Luvisol","06553"
"-76.93333333333334","-0.5166666666666667","EC",71767,"EC006","Ferralsol","06576"
"-76.83333333333333","-0.31666666666666665","EC",71752,"EC007","Acrisol","06563"
"-79.03888888888889","-0.4166666666666667","EC",71735,"EC008","Andosol","10656"
"-79.36666666666666","0.025","EC",71738,"EC009","Andosol","10657"
"-79.48055555555555","-0.8333333333333334","EC",71743,"EC010","Phaeozem","10658"
"-79.76666666666667","-1.1333333333333333","EC",69783,"EC011","Phaeozem","10659"
"-78.46666666666667","-0.2916666666666667","EC",71759,"EC012","Durisol","10660"
"-78.41666666666667","0.09027777777777778","EC",69752,"EC013","Regosol","10661"
"-80.42222222222222","-1.2027777777777777","EC",71761,"EC014","Vertisol","10662"
"-80.52083333333333","-1.4708333333333332","EC",71742,"EC015","Cambisol","10663"
"-79.90833333333333","-3.2875","EC",71737,"EC016","Fluvisol","10664"
"-79.64583333333333","-2.25","EC",71757,"EC017","Stagnosol","10665"
"-78.61944444444444","-0.5166666666666667","EC",71755,"EC018","Andosol","10666"
"-78.73055555555555","-2.1222222222222222","EC",71760,"EC019","Andosol","10667"
"-78.71111111111111","-0.4666666666666667","EC",69587,"EC020","Andosol",NULL
"-6.333333333333333","38.9","ES",69924,"ES001","Luvisol","00504"
"-6.75","38.78333333333333","ES",69539,"ES002","Luvisol","00469"
"-6.5","38.75","ES",69523,"ES003","Vertisol","00483"
"-6.366666666666666","38.8","ES",69817,"ES004","Luvisol","00484"
"-6.416666666666667","38.78333333333333","ES",69519,"ES005","Calcisol","00486"
"-6.266666666666667","38.9","ES",68743,"ES006","Leptosol","00487"
"-6.333333333333333","38.983333333333334","ES",69640,"ES007","Cambisol","00471"
"-6.266666666666667","38.85","ES",69694,"ES008","Luvisol","00472"
"-6.266666666666667","38.86666666666667","ES",69620,"ES009","Cambisol","00488"
"-5.8","38.46666666666667","ES",69726,"ES010","Acrisol","00473"
"-6.433333333333334","38.8","ES",69701,"ES011","Calcisol","00565"
"-6.3","38.95","ES",69549,"ES012","Vertisol","00568"
"-3.6","39.983333333333334","ES",69662,"ES013","Calcisol","00569"
"-3.3333333333333335","40.583333333333336","ES",63667,"ES014","Luvisol","00570"
"-6.666666666666667","38.88333333333333","ES",69512,"ES015","Luvisol","10682"
"-6.45","38.85","ES",69925,"ES016","Regosol","10683"
"-6.166666666666667","38.916666666666664","ES",69928,"ES017","Luvisol","10684"
"-6.433333333333334","38.8","ES",69505,"ES018","Vertisol","10685"
"1.3694444444444445","41.73888888888889","ES",69806,"ES019","Cambisol","10686"
"1.3611111111111112","41.725","ES",69930,"ES020","Calcisol","10687"
"0.5995333333333334","41.839283333333334","ES",250595,"ES021","Calcisol","10264"
"0.59915","41.8391","ES",250596,"ES022","Calcisol","10272"
"0.5533666666666667","41.85965","ES",250597,"ES023","Gypsisol","10280"
"0.6333","41.87983333333333","ES",250598,"ES024","Gypsisol","10394"
"0.6340833333333333","41.879866666666665","ES",250599,"ES025","Gypsisol","10397"
"25.0325","60.305","FI",69605,"FI001","Gleysol","00189"
"24.18166666666667","61.41583333333333","FI",69734,"FI002","Podzol","00191"
"22.967222222222222","61.79361111111111","FI",69765,"FI003","Cambisol","00193"
"23.00861111111111","62.19583333333333","FI",69748,"FI004","Podzol","00194"
"22.083333333333332","63.233333333333334","FI",69800,"FI005","Fluvisol","00197"
"24","61.53333333333333","FI",69760,"FI006","Gleysol","10697"
"7.062222222222222","48.13333333333333","FR",63625,"FR002","Umbrisol","00018"
"6.848647117614746","48.276954650878906","FR",69904,"FR003","Cambisol","00019"
"6.499722222222222","48.28722222222222","FR",63720,"FR004","Vertisol","00021"
"6.075002193450928","48.663490295410156","FR",69707,"FR005","Alisol","00025"
"6.107911109924316","48.680091857910156","FR",69648,"FR006","Luvisol","10702"
"1.9333333333333333","48.55","FR",63628,"FR007","Planosol","00029"
"1.9367719888687134","48.84858322143555","FR",69871,"FR008","Luvisol","00033"
"1.772454023361206","48.645694732666016","FR",69891,"FR009","Planosol","00034"
"3.4123430252075195","49.59451675415039","FR",69861,"FR010","Podzol","00036"
"4.393055555555556","49.92916666666667","FR",69755,"FR011","Albeluvisol","00039"
"4.938192844390869","44.97304916381836","FR",69718,"FR012","Luvisol","10708"
"3.858844041824341","43.71961975097656","FR",63768,"FR013","Calcisol","10709"
"2.970833333333333","45.70444444444445","FR",69616,"FR014","Andosol","10710"
"2.5572222222222223","45.05888888888889","FR",69720,"FR015","Andosol","10711"
"12.8","0.516667","GA",52111,"GA001","Ferralsol","10712"
"14.116667","-1.516667","GA",52124,"GA002","Arenosol","10713"
"13.591667","-1.683333","GA",52118,"GA003","Acrisol","10714"
"11.533333","-2.216667","GA",52089,"GA004","Ferralsol","10715"
"11.391667","-2.35","GA",52083,"GA005","Plinthosol","10716"
"10.283333","-0.516667","GA",52079,"GA006","Acrisol","10717"
"0.2823333144187927","52.08403015136719","GB",63798,"GB001","Cambisol","10718"
"0.2836610972881317","52.08427810668945","GB",63799,"GB002","Luvisol","10719"
"-2.9029529094696045","53.118438720703125","GB",63800,"GB003","Luvisol","10720"
"-2.8963730335235596","53.11105728149414","GB",63801,"GB004","Gleysol","10721"
"-3.860161066055298","53.10842514038086","GB",63802,"GB005","Cambisol","10722"
"-3.622087001800537","53.12150573730469","GB",63803,"GB006","Podzol","10723"
"-3.612075090408325","53.10242462158203","GB",63804,"GB007","Gleysol","10724"
"-1.1154810190200806","53.14762878417969","GB",63805,"GB008","Podzol","10725"
"-1.0442310571670532","53.234432220458984","GB",63806,"GB009","Arenosol","10726"
"-1.4447970390319824","51.81341552734375","GB",63807,"GB010","Albeluvisol","10727"
"-0.83417","51.7244","GB",63621,"GB011","Leptosol","10728"
"0.605267","52.435075","GB",63809,"GB012","Podzol","10729"
"41.75","41.75","GE",63697,"GE001","Alisol","10770"
"42.045650482177734","41.94458770751953","GE",63622,"GE002","Alisol","10771"
"44.71805555555556","41.83247222222222","GE",250600,"GE003","Calcisol","10287"
"41.993138888888886","41.90477777777778","GE",250601,"GE004","Acrisol","10289"
"42.55163888888889","42.293194444444445","GE",250602,"GE005","Luvisol","10292"
"44.15844444444444","41.63630555555556","GE",250603,"GE006","Vertisol","10295"
"44.58027777777778","41.96277777777778","GE",250604,"GE007","Cambisol","10299"
"43.49146944444445","42.05099722222222","GE",250605,"GE008","Luvisol","10301"
"0.5458333333333333","5.872222222222222","GH",63725,"GH001","Lixisol","01094"
"0.2384440004825592","5.940583229064941","GH",52519,"GH002","Planosol","10737"
"-1.66667","6.66667","GH",52194,"GH003","Acrisol","10738"
"-1.666667","6.666667","GH",52195,"GH004","Acrisol","04611"
"-1.6183","6.9639500000000005","GH",250606,"GH005","Arenosol","10337"
"-1.6093333333333333","6.963966666666667","GH",250607,"GH006","Lixisol","10340"
"-1.6595666666666666","6.836683333333333","GH",250608,"GH007","Gleysol","10342"
"-1.66345","6.677583333333334","GH",250609,"GH008","Lixisol","10345"
"-37.63228988647461","65.61392974853516","GL",69717,"GL001","Arenosol","00415"
"-37.70638888888889","65.60416666666667","GL",63623,"GL002","Histosol","00500"
"-37.666666666666664","65.61666666666666","GL",69631,"GL003","Cryosol","10746"
"-37.666666666666664","65.61666666666666","GL",69787,"GL004","Cryosol","10772"
"-37.666666666666664","65.61666666666666","GL",63663,"GL005","Cryosol","10747"
"-37.666666666666664","65.61666666666666","GL",63664,"GL006","Cryosol","10748"
"26.313507","41.62436","GR",69916,"GR001","Vertisol","00341"
"24.314978","41.497433","GR",69525,"GR002","Cambisol","00344"
"22.966666666666665","40.38333333333333","GR",69666,"GR003","Luvisol","00351"
"22.383333333333333","37.86666666666667","GR",69859,"GR004","Luvisol","00356"
"22.5","40.583333333333336","GR",69820,"GR005","Phaeozem","00363"
"22.416666666666668","39.63333333333333","GR",69698,"GR006","Vertisol","00370"
"22.466666666666665","39.666666666666664","GR",69671,"GR007","Phaeozem","00372"
"21.216666666666665","39.55","GR",69749,"GR008","Cambisol","00375"
"21.783333333333335","38.96666666666667","GR",69927,"GR009","Cambisol","00378"
"21.283333333333335","37.916666666666664","GR",63629,"GR010","Luvisol","00387"
"21.45","38","GR",63630,"GR011","Luvisol","00392"
"22.383333333333333","37.86666666666667","GR",69644,"GR012","Phaeozem","00402"
"23.55","40.5","GR",69560,"GR013","Luvisol","00400"
"21.74496841430664","37.7726936340332","GR",63788,"GR014","Luvisol","00398"
"22.83416666666667","37.63583333333333","GR",69537,"GR015","Fluvisol","10763"
"19.5375","47.106944444444444","HU",63726,"HU001","Cambisol","01611"
"19.083333333333332","47.5","HU",69483,"HU002","Phaeozem","01590"
"17.06111111111111","46.44305555555555","HU",63727,"HU003","Luvisol","01604"
"16.559722222222224","46.577777777777776","HU",63728,"HU004","Luvisol","10776"
"17.95277777777778","46.67722222222222","HU",63729,"HU005","Luvisol","01601"
"20.25138888888889","47.665277777777774","HU",63730,"HU006","Luvisol","01615"
"19.725","47.63611111111111","HU",63731,"HU007","Cambisol","01623"
"18.413888888888888","46.69166666666667","HU",63732,"HU008","Chernozem","01596"
"20.079166666666666","46.98888888888889","HU",63733,"HU009","Chernozem","01634"
"19","46.74722222222222","HU",63734,"HU010","Chernozem","01642"
"18.57777777777778","47.05555555555556","HU",69611,"HU011","Solonchak","10783"
"19.122222222222224","46.97361111111111","HU",63735,"HU012","Solonetz","10784"
"19.01527777777778","47.0375","HU",63736,"HU013","Solonetz","10785"
"21.05","47.30833333333333","HU",69735,"HU014","Solonetz","10786"
"21.083333333333332","47.35","HU",63631,"HU015","Solonetz","10787"
"21.0875","47.31666666666667","HU",63632,"HU016","Vertisol","10788"
"20.18611111111111","47.59027777777778","HU",63737,"HU017","Vertisol","10789"
"18.25","47.12361111111111","HU",63738,"HU018","Histosol","10790"
"18.25","47.12361111111111","HU",63739,"HU019","Histosol","10791"
"18.916666666666668","47.083333333333336","HU",63633,"HU020","Cambisol","01632"
"106.5375","-6.386111111111111","ID",69839,"ID001","Lixisol","02762"
"106.81666666666666","-6.633333333333333","ID",69935,"ID002","Cambisol","02766"
"106.9","-6.7","ID",69739,"ID003","Luvisol","02770"
"106.81666666666666","-6.583333333333333","ID",69831,"ID004","Ferralsol","02779"
"97.78333333333333","3.7666666666666666","ID",69659,"ID005","Gleysol","10797"
"97.2","3.7666666666666666","ID",69554,"ID006","Gleysol","10798"
"97.55","3.8666666666666667","ID",69697,"ID007","Andosol","10799"
"97.61666666666666","3.783333333333333","ID",69596,"ID008","Cambisol","10800"
"97.6","3.6833333333333336","ID",69757,"ID009","Acrisol","10801"
"97.43333333333334","3.783333333333333","ID",63634,"ID010","Regosol","10802"
"107.61666666666666","-6.833333333333333","ID",69740,"ID011","Andosol","10803"
"104.98333333333333","-4.75","ID",69601,"ID012","Acrisol","10804"
"112.7","-7.85","ID",69747,"ID013","Phaeozem","10805"
"112.43333333333334","-7.866666666666667","ID",69920,"ID014","Stagnosol","10806"
"112.6","-0.5333333333333333","ID",69932,"ID015","Ferralsol","10807"
"105.43333333333334","-6.183333333333334","ID",69580,"ID016","Regosol","10808"
"105.31666666666666","-6.733333333333333","ID",69688,"ID017","Luvisol",NULL
"96.78333333333333","4.6","ID",69702,"ID018","Andosol","10810"
"96.73333333333333","4.883333333333333","ID",69810,"ID019","Ferralsol","10811"
"97.06388888888888","4.445833333333334","ID",69842,"ID020","Ferralsol","10812"
"96.73333333333333","4.866666666666667","ID",69639,"ID021","Andosol","10813"
"96.68333333333334","5","ID",69834,"ID022","Ferralsol","10814"
"96.75","4.816666666666666","ID",69590,"ID023","Andosol","10815"
"112.48333333333333","-7.866666666666667","ID",69723,"ID024","Andosol","10816"
"112.46666666666667","-7.866666666666667","ID",69819,"ID026","Phaeozem","10817"
"98.66666666666667","2.2666666666666666","ID",69917,"ID027","Andosol","07099"
"98.55","2.15","ID",69899,"ID028","Ferralsol","07106"
"98.61666666666666","2.5666666666666664","ID",69860,"ID029","Andosol","07115"
"102.31666666666666","-1.6333333333333333","ID",69550,"ID032","Ferralsol","07128"
"102.16666666666667","-1.7333333333333334","ID",69912,"ID033","Ferralsol","07141"
"101.61666666666666","-1.2333333333333334","ID",69731,"ID034","Ferralsol","07151"
"101.225","-1.2305555555555556","ID",69883,"ID035","Ferralsol","07186"
"100.43333333333334","-0.4","ID",69751,"ID036","Andosol","07164"
"100.45","-0.45","ID",69567,"ID037","Phaeozem","07172"
"101.18055555555556","1.4333333333333333","ID",69667,"ID038","Acrisol","10827"
"101.1","-1.321388888888889","ID",69638,"ID039","Podzol","10828"
"101.34583333333333","1.4763888888888888","ID",63723,"ID040","Umbrisol","10829"
"101.17777777777778","0.961111111111111","ID",69773,"ID041","Cambisol","10830"
"101.32222222222222","1.9416666666666667","ID",69826,"ID042","Fluvisol","10831"
"128.0036111111111","-3.5166666666666666","ID",69848,"ID043","Regosol","10832"
"128.2","-3.6333333333333333","ID",69813,"ID044","Ferralsol","10833"
"128.2","-3.5","ID",69542,"ID045","Cambisol","10834"
"128.28333333333333","-3.6833333333333336","ID",69808,"ID046","Cambisol","10835"
"116.95666666666666","-0.9933333333333334","ID",69838,"ID047","Acrisol","08544"
"116.95666666666666","-0.9933333333333334","ID",69875,"ID048","Acrisol","08555"
"113.0635","0.7568","ID",250610,"ID049","Acrisol","10316"
"113.06058333333333","0.7561333333333333","ID",250611,"ID050","Acrisol","10318"
"112.26166666666667","1.1540555555555556","ID",250612,"ID051","Acrisol","10320"
"-6.416666666666667","52.416666666666664","IE",69552,"IE001","Podzol","00076"
"-8.183333333333334","53.416666666666664","IE",69581,"IE002","Podzol","00079"
"-6.916666666666667","52.86666666666667","IE",69867,"IE006","Luvisol","00086"
"-6.9","52.7","IE",69906,"IE007","Luvisol","00089"
"-7.811388888888889","53.90833333333333","IE",69827,"IE009","Podzol","00096"
"-8.733333333333333","53.06666666666667","IE",68744,"IE010","Phaeozem","00100"
"-8.466666666666667","52.53333333333333","IE",69680,"IE011","Luvisol","00103"
"-9.216666666666667","52.38333333333333","IE",69686,"IE012","Gleysol","00107"
"75.76666666666667","29.433333333333334","IN",69782,"IN001","Cambisol","10857"
"77.66666666666667","29.283333333333335","IN",69491,"IN002","Cambisol","10858"
"87.26666666666667","23.183333333333334","IN",69792,"IN003","Acrisol","10859"
"88.33333333333333","21.916666666666668","IN",69569,"IN004","Solonchak","10860"
"79.41666666666667","29.633333333333333","IN",69699,"IN005","Cambisol","10861"
"77.45833333333333","13.1","IN",69744,"IN006","Luvisol","10862"
"77.575","13.041666666666666","IN",69527,"IN007","Luvisol","10863"
"79.05","21.241666666666667","IN",69540,"IN008","Vertisol","10864"
"77.78333333333333","13.1","IN",69503,"IN009","Lixisol","10865"
"79.08333333333333","21.5","IN",69767,"IN010","Vertisol","10866"
"75.96666666666667","14.95","IN",69768,"IN011","Calcisol","10867"
"78.96666666666667","21.133333333333333","IN",69774,"IN012","Vertisol","10868"
"-18.247777777777777","65.77416666666667","IS",63757,"IS001","Andosol","10869"
"-17.87388888888889","65.72944444444444","IS",63758,"IS002","Andosol","10870"
"-14.09361111111111","64.78833333333333","IS",63759,"IS003","Andosol","10871"
"-20.405555555555555","63.878055555555555","IS",63760,"IS004","Andosol","10872"
"-20.202486038208008","64.30870056152344","IS",63784,"IS005","Andosol","10873"
"-20.890555555555554","65.3525","IS",63761,"IS006","Andosol","10874"
"-19.809722222222224","65.38138888888889","IS",63762,"IS007","Andosol","10875"
"16.15","39.670833333333334","IT",69892,"IT001","Cambisol","00527"
"16.15277777777778","39.204166666666666","IT",69582,"IT002","Acrisol","00481"
"16.155","39.21666666666667","IT",63635,"IT003","Alisol","00474"
"16.293055555555554","39.670833333333334","IT",69737,"IT004","Luvisol","00514"
"16.216666666666665","39.66388888888889","IT",63741,"IT005","Luvisol","00528"
"16.15972222222222","39.80833333333333","IT",69494,"IT006","Phaeozem","10881"
"16.238888888888887","39.7625","IT",69853,"IT007","Phaeozem","00601"
"16.227777777777778","39.74722222222222","IT",69535,"IT008","Luvisol","00515"
"13.518611111111111","41.49388888888889","IT",69766,"IT009","Luvisol","02308"
"13.5275","41.48916666666667","IT",69649,"IT010","Cambisol","02317"
"13.53138888888889","41.48861111111111","IT",69621,"IT011","Vertisol","02324"
"13.53","41.48722222222222","IT",69716,"IT012","Cambisol","02330"
"13.53","41.4925","IT",69573,"IT013","Vertisol","02337"
"13.5375","41.486666666666665","IT",69729,"IT014","Nitisol","02345"
"13.459444444444445","41.25861111111111","IT",69833,"IT015","Luvisol","02359"
"14.369444444444444","41.40833333333333","IT",69862,"IT016","Andosol","02365"
"13.625277777777777","41.455555555555556","IT",69889,"IT017","Calcisol","02369"
"8.63861111111111","45.81388888888889","IT",63751,"IT018","Umbrisol","10218"
"-77.99166666666666","18.369444444444444","JM",69896,"JM001","Acrisol","10894"
"-77.9186111111111","18.044722222222223","JM",69608,"JM002","Nitisol","10895"
"-77.44722222222222","18.063333333333333","JM",69656,"JM003","Ferralsol","10896"
"-77.15333333333334","18.136111111111113","JM",69832,"JM004","Ferralsol","10897"
"-76.66416666666667","18.091666666666665","JM",63763,"JM005","Cambisol","10898"
"-76.65055555555556","18.091666666666665","JM",63764,"JM006","Cambisol","10899"
"-76.66527777777777","18.091666666666665","JM",63765,"JM007","Cambisol","10900"
"-76.64972222222222","18.091666666666665","JM",63766,"JM008","Cambisol","10901"
"35.81435555555556","31.512294444444443","JO",250614,"JO001","Calcisol","10902"
"36.79403888888889","31.795291666666667","JO",250615,"JO002","Gypsisol","10347"
"35.89758333333333","32.320861111111114","JO",250616,"JO003","Leptosol","10350"
"35.92030833333333","32.28378611111111","JO",250617,"JO004","Vertisol","10353"
"139.40083333333334","35.66361111111111","JP",69931,"JP001","Gleysol","10906"
"139.4038888888889","35.66277777777778","JP",69617,"JP002","Andosol","10907"
"139.9038888888889","36.255833333333335","JP",69918,"JP003","Gleysol","10908"
"139.9025","36.25555555555555","JP",69595,"JP004","Fluvisol","10909"
"36.683333","-1.25","KE",52781,"KE001","Nitisol","02407"
"36.584722","-0.901667","KE",52771,"KE002","Andosol","02420"
"36.6054801940918","-0.47654399275779724","KE",53194,"KE003","Planosol","02423"
"36.433889","-0.818333","KE",52769,"KE004","Phaeozem","02437"
"36.752222","-0.7","KE",52788,"KE005","Andosol","02453"
"37.451667","-0.552222","KE",52874,"KE006","Ferralsol","02472"
"37.466667","-0.533333","KE",52877,"KE007","Ferralsol","02483"
"37.916667","-0.666667","KE",52990,"KE008","Acrisol","02490"
"39.83111572265625","-3.1040689945220947","KE",53193,"KE009","Ferralsol","02497"
"39.55","-3.55","KE",53082,"KE010","Solonetz","02509"
"39.833333","-3.45","KE",53097,"KE011","Ferralsol","02514"
"39.385278","-4.300833","KE",53070,"KE012","Acrisol","02520"
"39.3","-4.169167","KE",53066,"KE013","Solonetz","02531"
"39.184722","-4.018333","KE",53056,"KE014","Phaeozem","02541"
"36.633333","-1.216667","KE",52777,"KE015","Nitisol","02556"
"36.633333","-1.216667","KE",52778,"KE016","Nitisol","02563"
"34.5","-0.751389","KE",52640,"KE017","Phaeozem","10926"
"34.5","-0.751389","KE",52641,"KE018","Planosol","10927"
"34.5","-0.751389","KE",52642,"KE019","Planosol","10928"
"34.916667","-0.666667","KE",52680,"KE020","Planosol","10929"
"37.6","2.833333","KE",52908,"KE021","Solonchak","10930"
"37.466667","2.266667","KE",52878,"KE022","Solonetz","10931"
"37.033333","2.395833","KE",52827,"KE023","Luvisol","10932"
"37.033333","2.408333","KE",52828,"KE024","Regosol","10933"
"35.133889","-0.616944","KE",52708,"KE025","Planosol","10934"
"34.702222","-0.884722","KE",52663,"KE026","Nitisol","10935"
"35.17704772949219","-0.7030680179595947","KE",53195,"KE027","Cambisol","10936"
"40","-3.117778","KE",53103,"KE028","Lixisol","10937"
"39.833333","-3.616667","KE",53096,"KE029","Ferralsol","10938"
"39.866667","-3.6","KE",53098,"KE030","Lixisol","10939"
"39.644167","-3.779167","KE",53086,"KE031","Lixisol","10940"
"39.8","-3.550833","KE",53095,"KE032","Vertisol","10941"
"39.502222","-3.835278","KE",53076,"KE033","Solonetz","10942"
"36.85","-0.75","KE",52802,"KE034","Andosol","06327"
"35.833333","-1.1","KE",52756,"KE035","Andosol","10944"
"37.7","-2.51667","KE",52939,"KE036","Andosol","10945"
"36.133333","-0.983333","KE",52764,"KE037","Andosol","10946"
"37.461111","-0.172222","KE",52876,"KE038","Andosol","06085"
"37.511111","-0.209722","KE",52881,"KE039","Andosol","06090"
"37.538889","-0.354167","KE",52893,"KE040","Ferralsol","06095"
"37.541667","-0.354167","KE",52895,"KE041","Acrisol","06103"
"37.536111","-0.355556","KE",52890,"KE042","Acrisol","06110"
"37.576389","-0.380556","KE",52901,"KE043","Acrisol","06115"
"37.627778","-0.411111","KE",52919,"KE044","Nitisol","06132"
"37.625","-0.413889","KE",52918,"KE045","Ferralsol","06140"
"37.623611","-0.416667","KE",52917,"KE046","Cambisol","06144"
"37.7","-0.451389","KE",52940,"KE047","Nitisol","06151"
"37.698611","-0.451389","KE",52936,"KE048","Ferralsol","06153"
"37.698611","-0.452778","KE",52935,"KE049","Phaeozem","06162"
"37.772222","-0.452778","KE",52956,"KE050","Cambisol","06184"
"37.790278","-0.461111","KE",52963,"KE051","Lixisol","06172"
"37.805556","-0.444444","KE",52966,"KE052","Cambisol","06193"
"37.972222","-0.152222","KE",52996,"KE053","Lixisol","06221"
"37.97222222222222","-0.1522222222222222","KE",63767,"KE054","Luvisol","06229"
"38.244444","-0.227778","KE",53015,"KE055","Luvisol","06237"
"38.425","-0.766667","KE",53028,"KE056","Vertisol","06260"
"38.384722","-0.581944","KE",53025,"KE057","Luvisol","06247"
"38.391667","-0.583333","KE",53027,"KE058","Acrisol","06252"
"38.391667","-0.583333","KE",53026,"KE059","Lixisol","06270"
"39.048611","-0.705556","KE",53048,"KE060","Solonetz","06274"
"39.523611","-0.486111","KE",53078,"KE061","Acrisol","06276"
"39.633333","-0.475","KE",53085,"KE062","Fluvisol","06283"
"39.663889","-0.433333","KE",53087,"KE063","Calcisol","06292"
"39.741667","-0.397222","KE",53090,"KE064","Solonetz","06299"
"36.830556","-1.791667","KE",52800,"KE065","Solonetz","06313"
"36.827778","-1.830556","KE",52799,"KE066","Vertisol","06321"
"36.788889","-1.794444","KE",52795,"KE067","Kastanozem","06304"
"36.769444","-1.854167","KE",52791,"KE068","Luvisol","06317"
"36.781944","-1.983333","KE",52794,"KE069","Phaeozem","06308"
"37.786111","-0.316667","KE",52962,"KE070","Vertisol","10979"
"37.97222222222222","-0.1522222222222222","KE",63769,"KE071","Luvisol","10980"
"80.636622","7.160653","LK",69903,"LK001","Anthrosol","10981"
"80.48333333333333","8.125","LK",69579,"LK002","Luvisol","10982"
"80.81666666666666","7.283333333333333","LK",69556,"LK003","Gleysol","10983"
"80.71666666666667","6.916666666666667","LK",63636,"LK004","Acrisol","10984"
"-4.54785","34.093916666666665","MA",250618,"MA001","Kastanozem","10355"
"-3.9341666666666666","34.23178333333333","MA",250619,"MA002","Calcisol","10357"
"-6.604183333333333","34.02005","MA",250620,"MA003","Arenosol","10360"
"-6.719166666666666","33.608016666666664","MA",250621,"MA004","Vertisol","10362"
"-7.108833333333333","33.80076666666667","MA",250622,"MA005","Luvisol","10364"
"-8.4","12.083333","ML",53539,"ML001","Lixisol","06389"
"-6","14.233333","ML",53659,"ML002","Vertisol","06407"
"-5.416667","15.383333","ML",53977,"ML003","Luvisol","06431"
"-5.15","15.5","ML",54038,"ML004","Luvisol","06440"
"-4.183333","16.5","ML",54043,"ML005","Fluvisol","06463"
"-0.1","16.166667","ML",54068,"ML006","Arenosol","06479"
"-6.833333","11.333333","ML",53609,"ML007","Plinthosol","10996"
"-8.451543807983398","11.494017601013184","ML",54089,"ML008","Acrisol","10997"
"100.56666666666666","5.266666666666667","MY",69653,"MY001","Ferralsol","10998"
"101.61666666666666","3.033333333333333","MY",69627,"MY002","Acrisol","10999"
"103.31666666666666","3.8333333333333335","MY",69835,"MY003","Acrisol","11000"
"103.31666666666666","3.8333333333333335","MY",69544,"MY004","Acrisol","11001"
"102.5","3.3333333333333335","MY",69572,"MY005","Ferralsol","11002"
"101.61666666666666","3.033333333333333","MY",69780,"MY006","Acrisol","11003"
"102.25","2.7333333333333334","MY",69788,"MY007","Ferralsol","11004"
"109.8","1.75","MY",69633,"MY051","Podzol","01661"
"109.73333333333333","1.8333333333333335","MY",69651,"MY052","Podzol","01668"
"109.73333333333333","1.8333333333333335","MY",69837,"MY053","Podzol","01670"
"109.73333333333333","1.8333333333333335","MY",69485,"MY054","Fluvisol","01672"
"110.5","1.6666666666666665","MY",69547,"MY055","Arenosol","01673"
"110.28333333333333","1.4583333333333333","MY",69669,"MY056","Ferralsol","01675"
"109.86666666666666","1.6666666666666665","MY",69565,"MY057","Ferralsol","01685"
"110.16666666666667","1.4166666666666667","MY",69893,"MY058","Cambisol","01687"
"110.31666666666666","1.3833333333333333","MY",69795,"MY059","Cambisol","00657"
"110.55","1.163888888888889","MY",69524,"MY060","Cambisol","11014"
"109.71666666666667","1.8333333333333335","MY",69721,"MY061","Arenosol","11015"
"34.358333","-14.5","MZ",57423,"MZ001","Ferralsol","11016"
"35.266667","-13.3","MZ",57431,"MZ002","Ferralsol","04087"
"35.383333","-12.95","MZ",57434,"MZ003","Nitisol","04096"
"38.616667","-13.15","MZ",57492,"MZ004","Acrisol","04100"
"40.083333","-14.816667","MZ",57530,"MZ005","Phaeozem","04102"
"39.116667","-15.3","MZ",57511,"MZ006","Acrisol","04105"
"32.575","-25.066111","MZ",57312,"MZ007","Planosol","11022"
"32.533333","-25.079167","MZ",57311,"MZ008","Solonetz","11023"
"32.933333","-24.606667","MZ",57327,"MZ009","Solonetz","11024"
"15.817222","-23.290833","NA",57561,"NA001","Arenosol","01403"
"16.566667","-23.266667","NA",57575,"NA002","Calcisol","01497"
"16.633333","-23.225","NA",57577,"NA003","Arenosol","01504"
"16.2","-20.883333","NA",57568,"NA004","Phaeozem","01510"
"16.25","-20.7","NA",57570,"NA005","Lixisol","01513"
"16.166667","-20.133333","NA",57566,"NA006","Cambisol","01522"
"16.666667","-20.466667","NA",57578,"NA007","Phaeozem","01524"
"17.5","-19.55","NA",57584,"NA008","Lixisol","01535"
"18","-19.233333","NA",57596,"NA009","Vertisol","01545"
"17.264167","-20.763333","NA",57583,"NA010","Arenosol","01554"
"17.091041564941406","-23.318971633911133","NA",57612,"NA011","Calcisol","01562"
"2.29722","13.3222","NE",57930,"NE001","Arenosol","03738"
"2.29444","13.3222","NE",57929,"NE002","Arenosol","03740"
"2.89167","13.0722","NE",58029,"NE003","Arenosol","11038"
"3.55833","12.0889","NE",58067,"NE004","Acrisol","03743"
"3.8833333333333333","7.483333333333333","NG",63698,"NG001","Luvisol","01757"
"3.88333","7.48333","NG",58289,"NG002","Regosol","11041"
"3.9166666666666665","7.483333333333333","NG",63637,"NG003","Luvisol","01765"
"3.88333","7.48333","NG",58290,"NG004","Lixisol","11043"
"4.55","7.38333","NG",58358,"NG005","Luvisol","01713"
"3.6833333333333336","6.833333333333333","NG",63638,"NG006","Nitisol","11045"
"3.6833333333333336","6.833333333333333","NG",63639,"NG007","Luvisol","11046"
"3.683333","6.833333","NG",58270,"NG008","Plinthosol","11047"
"3.7","8.683333","NG",58273,"NG009","Alisol","01726"
"4.616667","9.866667","NG",58362,"NG011","Phaeozem","11050"
"4.25","10","NG",58340,"NG012","Acrisol","11051"
"4.25","9.9995","NG",58339,"NG013","Plinthosol","11052"
"3.8833333333333333","7.483333333333333","NG",63640,"NG014","Luvisol","11053"
"6.636111","5.310278","NG",58499,"NG015","Acrisol","11054"
"6.661944","5.323889","NG",58502,"NG016","Acrisol","11055"
"3.9","7.5","NG",58299,"NG017","Arenosol","11056"
"3.9","7.5","NG",58300,"NG018","Lixisol","11057"
"3.5","6.616667","NG",58257,"NG019","Phaeozem","11058"
"3.5","6.616667","NG",58258,"NG020","Acrisol","11059"
"4.5","7.483333","NG",58354,"NG021","Phaeozem","11060"
"4.916667","7.65","NG",58415,"NG022","Acrisol","11061"
"4.933333","7.583333","NG",58416,"NG023","Acrisol","11062"
"4.65","7.533333","NG",58365,"NG024","Acrisol","11063"
"4.866667","6.783333","NG",58406,"NG025","Phaeozem","11064"
"4.866667","6.783333","NG",58407,"NG026","Lixisol","11065"
"3.5","8.583333","NG",58259,"NG027","Lixisol","11066"
"3.666667","7.933333","NG",58267,"NG028","Arenosol","11067"
"3.866667","7.883333","NG",58285,"NG029","Arenosol","11068"
"-86.1","11.433333333333334","NI",71771,"NI001","Fluvisol","11069"
"-86.1","11.433333333333334","NI",69803,"NI002","Phaeozem","11070"
"-86.1","11.433333333333334","NI",71772,"NI003","Phaeozem","11071"
"-86.1","11.433333333333334","NI",71744,"NI004","Cambisol","11072"
"-86.13333333333334","11.966666666666667","NI",71732,"NI005","Andosol","08359"
"-86.11666666666666","12.041666666666666","NI",71756,"NI006","Andosol","08370"
"-86.08333333333333","12.1","NI",71741,"NI007","Andosol","08381"
"-86","12.25","NI",71749,"NI008","Andosol","08394"
"-86.03333333333333","12.25","NI",71726,"NI009","Vertisol","08409"
"-86.55","11.8","NI",69887,"NI010","Andosol","08418"
"-86.48333333333333","11.85","NI",69613,"NI011","Andosol","08432"
"6.05","51.3","NL",63699,"NL001","Luvisol","00008"
"5.683333333333334","52.03333333333333","NL",69769,"NL002","Podzol","00663"
"5.8","51","NL",69528,"NL005","Luvisol","00506"
"5.25","52.016666666666666","NL",69511,"NL006","Fluvisol","00406"
"5.333333333333333","52","NL",69585,"NL007","Cambisol","00413"
"5.65","51.916666666666664","NL",69730,"NL010","Fluvisol","11085"
"5.9150261878967285","50.84069061279297","NL",69499,"NL011","Luvisol","09933"
"5.741944444444444","52.03861111111111","NL",69677,"NL012","Anthrosol","11087"
"3.75","51.7","NL",63641,"NL014","Arenosol","11088"
"5.716666666666667","52.18333333333333","NL",69743,"NL016","Podzol","11089"
"6.816666666666666","51.983333333333334","NL",69761,"NL018","Planosol","02380"
"5.583333333333333","51.916666666666664","NL",63642,"NL019","Fluvisol","11091"
"5.583333333333333","52.05","NL",63643,"NL020","Podzol","11092"
"5.583333333333333","52.05","NL",63644,"NL021","Anthrosol","03558"
"5.763055555555556","52.032222222222224","NL",69663,"NL023","Arenosol","03562"
"5.966666666666667","52.016666666666666","NL",69521,"NL028","Podzol","11095"
"5.966666666666667","52.016666666666666","NL",69869,"NL029","Podzol","11096"
"5.516666666666667","51.95","NL",69570,"NL030","Cambisol","11099"
"5.859166666666667","52.17583333333334","NL",69915,"NL032","Podzol","11100"
"6.884444444444444","52.8275","NL",69805,"NL033","Podzol","11101"
"5.5761111111111115","51.569722222222225","NL",69738,"NL034","Podzol","11102"
"4.55","51.85","NL",63700,"NL035","Regosol","11103"
"5.733611111111111","51.98555555555556","NL",63742,"NL036","Anthrosol","11104"
"5.193099021911621","52.227115631103516","NL",63791,"NL037","Technosol","11105"
"4.900890827178955","52.19300079345703","NL",63790,"NL039","Technosol","10123"
"5.683309078216553","51.98692321777344","NL",63816,"NL040","Anthrosol","10146"
"5.680902004241943","51.98677062988281","NL",63812,"NL041","Anthrosol","10143"
"5.681173801422119","51.98590087890625","NL",63815,"NL042","Anthrosol","10141"
"4.525038055555555","52.242761944444446","NL",250623,"NL043","Anthrosol","10220"
"5.689726111111111","51.966906944444446","NL",250624,"NL044","Cambisol","10224"
"5.6509261111111115","51.990613055555556","NL",250625,"NL045","Gleysol","10228"
"5.638358055555555","51.971765","NL",250626,"NL046","Gleysol","10232"
"5.549381944444445","51.935555","NL",250627,"NL047","Cambisol","10236"
"5.755465","53.08925833333333","NL",250628,"NL048","Fluvisol","10207"
"5.62429","51.99758333333333","NL",250629,"NL049","Histosol","10366"
"6.137273888888889","51.517165","NL",250630,"NL050","Podzol","10369"
"7.01516","52.68976111111111","NL",250631,"NL051","Histosol","10372"
"7.010136111111111","52.691096944444446","NL",250632,"NL052","Podzol","10375"
"4.918731944444445","52.56465111111111","NL",250633,"NL053","Fluvisol","10378"
"4.61477","52.432175","NL",250634,"NL054","Arenosol","10381"
"5.87472222","53.45722222","NL",250635,"NL055","Gleysol","10383"
"5.713119722222222","53.25943","NL",250636,"NL056","Cambisol","10387"
"6.130994444444444","53.37555555555556","NL",250637,"NL057","Anthrosol","10390"
"9.688888888888888","63.82527777777778","NO",69645,"NO001","Regosol","00213"
"9.8","63.766666666666666","NO",69689,"NO002","Podzol","00217"
"10.683333333333334","63.43333333333333","NO",69629,"NO003","Cambisol","00219"
"171.2","-44.38333333333333","NZ",63715,"NZ001","Cambisol","11130"
"168.65","-46.333333333333336","NZ",63716,"NZ002","Cambisol","11131"
"174.26666666666668","-39.61666666666667","NZ",63717,"NZ003","Andosol","11132"
"174.66666666666666","-36.4","NZ",63718,"NZ004","Cambisol","11133"
"176.33333333333334","-38.4","NZ",63719,"NZ005","Andosol","11134"
"58.84920120239258","23.08343505859375","OM",69482,"OM001","Calcisol","11135"
"57.166666666666664","22.833333333333332","OM",69646,"OM002","Calcisol","11136"
"55.86666666666667","24.333333333333332","OM",69771,"OM003","Gypsisol","11137"
"56.23362350463867","24.19291877746582","OM",69515,"OM004","Luvisol","11138"
"-73.3175","-3.8202777777777777","PE",69913,"PE001","Podzol","11139"
"-73.34444444444445","-3.897777777777778","PE",71768,"PE002","Ferralsol","11140"
"-73.28333333333333","-3.85","PE",69574,"PE003","Arenosol","11141"
"-73.3","-3.8583333333333334","PE",71740,"PE004","Acrisol","11142"
"-73.23333333333333","-3.783333333333333","PE",69681,"PE005","Fluvisol","11143"
"-76.08333333333333","-5.766666666666667","PE",71751,"PE006","Acrisol","11144"
"-76.1125","-6.938611111111111","PE",69571,"PE007","Gleysol","11145"
"-75.03611111111111","-8.477222222222222","PE",71758,"PE008","Acrisol","11146"
"-75.03611111111111","-8.947777777777778","PE",71731,"PE009","Cambisol","11147"
"-69.14777777777778","-12.688611111111111","PE",71769,"PE010","Acrisol","11148"
"-69.41194444444444","-12.515833333333333","PE",71754,"PE011","Ferralsol","11149"
"-73.445","-4.063611111111111","PE",69566,"PE012","Cambisol","11150"
"-73.37194444444444","-3.910833333333333","PE",69553,"PE013","Arenosol","11151"
"-73.36972222222222","-3.9130555555555553","PE",69557,"PE014","Acrisol","11152"
"-73.41972222222222","-3.7880555555555553","PE",69530,"PE015","Alisol","11153"
"-70.04944444444445","-17.45","PE",69793,"PE016","Luvisol","11154"
"-72.16666666666667","-16.35","PE",69830,"PE017","Regosol","11155"
"-71.8386111111111","-16.461666666666666","PE",69877,"PE018","Regosol","11156"
"-71.48333333333333","-16.466666666666665","PE",69594,"PE019","Regosol","11157"
"-71.6","-16.433333333333334","PE",69789,"PE020","Arenosol","09798"
"-70.96666666666667","-17.2","PE",69759,"PE021","Fluvisol","11159"
"-71.51666666666667","-14","PE",71724,"PE022","Cambisol","11160"
"-71.43333333333334","-14.1","PE",69724,"PE023","Phaeozem","11161"
"-70.28333333333333","-15.766666666666667","PE",71733,"PE024","Chernozem","11162"
"-70.03333333333333","-15.666666666666666","PE",69814,"PE025","Chernozem","11163"
"123.2863888888889","13.666666666666666","PH",69682,"PH001","Andosol","11164"
"123.66666666666667","13.9","PH",69881,"PH002","Acrisol","11165"
"120.9486111111111","15.213055555555556","PH",69784,"PH003","Gleysol","11166"
"120.86666666666666","15.2825","PH",69873,"PH004","Cambisol","11167"
"120.93694444444445","15.249722222222223","PH",69637,"PH005","Vertisol","11168"
"121.26194444444444","14.160277777777777","PH",69895,"PH006","Gleysol","11169"
"68.41666666666667","25.4","PK",63645,"PK001","Calcisol","11170"
"68.4","25.383333333333333","PK",63646,"PK002","Cambisol","11171"
"74.21666666666667","31.45","PK",63647,"PK003","Calcisol","11172"
"74.2","32.016666666666666","PK",63648,"PK004","Solonetz","11173"
"72.63333333333334","33.56111111111111","PK",63743,"PK005","Luvisol","11174"
"73.43333333333334","33.93333333333333","PK",63649,"PK006","Luvisol","11175"
"22","51.4","PL",69543,"PL001","Fluvisol","11176"
"22","51.4","PL",69719,"PL002","Fluvisol","11177"
"20.533333333333335","50.45","PL",69615,"PL005","Phaeozem","11178"
"22.2","51.31666666666667","PL",69710,"PL006","Albeluvisol","11179"
"21.2","51.4","PL",69597,"PL007","Luvisol","11180"
"18.283333333333335","52.81666666666667","PL",69602,"PL008","Phaeozem","11181"
"19.216666666666665","54.06666666666667","PL",69495,"PL009","Fluvisol","11182"
"19.666666666666668","53.983333333333334","PL",69898,"PL010","Cambisol","11183"
"19.633333333333333","54","PL",63652,"PL011","Cambisol","11184"
"21.083333333333332","52.05","PL",69664,"PL012","Podzol","11185"
"22.1","51.483333333333334","PL",63653,"PL013","Luvisol","11186"
"21.916666666666668","51.483333333333334","PL",63654,"PL014","Podzol","11187"
"24.255420684814453","45.2750358581543","RO",69777,"RO001","Cambisol","11188"
"27.343325","44.346161","RO",69486,"RO002","Chernozem","11189"
"25.68856430053711","45.124290466308594","RO",69563,"RO003","Luvisol","11190"
"27.0354","45.38","RO",69507,"RO004","Chernozem","11191"
"26.453645706176758","44.45913314819336","RO",69849,"RO005","Chernozem","11192"
"26.13336944580078","44.72649383544922","RO",69756,"RO006","Luvisol","11193"
"27.317127227783203","47.41623306274414","RO",69902,"RO007","Albeluvisol","11194"
"24.171666666666667","44.65611111111111","RO",69555,"RO008","Planosol","11195"
"28.0775","44.659444444444446","RO",69852,"RO009","Kastanozem","11196"
"25.20540428161621","45.40669631958008","RO",69921,"RO010","Cambisol","11197"
"25.533571243286133","45.34273147583008","RO",69705,"RO011","Podzol","11198"
"40.53333333333333","64.56666666666666","RU",63701,"RU002","Podzol","11199"
"30.264166666666668","59.894444444444446","RU",63773,"RU003","Luvisol","11200"
"30.264166666666668","59.894444444444446","RU",63774,"RU004","Podzol","11201"
"37","51","RU",63702,"RU005","Kastanozem","11202"
"37.833333333333336","51.75","RU",69822,"RU006","Chernozem","11203"
"46.03333333333333","51.56666666666667","RU",69742,"RU008","Kastanozem","11204"
"37.166666666666664","53.977777777777774","RU",63745,"RU009","Luvisol","10183"
"38.99138888888889","53.49583333333333","RU",63746,"RU011","Chernozem","10185"
"40.36666666666667","51.12138888888889","RU",63749,"RU012","Planosol","10180"
"40.37083333333333","51.120555555555555","RU",63748,"RU013","Solonetz","10186"
"44.147777777777776","49.08972222222222","RU",63750,"RU014","Kastanozem","10187"
"44.05583333333333","49.14388888888889","RU",63747,"RU015","Solonchak","10188"
"29.3999996","-1.6333333","RW",59375,"RW001","Andosol","06003"
"29.3627776999999","-1.6375","RW",59373,"RW002","Andosol","06011"
"30.372499465942383","-1.8844443559646606","RW",59437,"RW003","Ferralsol","06016"
"30.44860076904297","-1.9450000524520874","RW",59441,"RW004","Ferralsol","06022"
"30.216699600219727","-2.3499999046325684","RW",59423,"RW005","Acrisol","06027"
"29.645160675048828","-1.9514310359954834","RW",63740,"RW006","Acrisol","06032"
"29.75","-2.5166667","RW",59404,"RW007","Ferralsol","06041"
"29.7749996","-2.3655555","RW",59406,"RW008","Ferralsol","06050"
"30.0100002","-1.9736111","RW",59427,"RW009","Nitisol","06058"
"29.781700134277344","-2.076944351196289","RW",59408,"RW010","Ferralsol","06064"
"13.36111111111111","55.66111111111111","SE",63775,"SE001","Cambisol","00158"
"13.410555555555556","55.558055555555555","SE",63777,"SE002","Cambisol","00159"
"13.413055555555555","55.54805555555556","SE",63778,"SE003","Cambisol","00160"
"14.066666666666666","55.81666666666667","SE",69809,"SE004","Regosol","00161"
"14.092351913452148","55.5582160949707","SE",63770,"SE005","Cambisol","00163"
"12.835606575012207","56.73430633544922","SE",63792,"SE006","Cambisol","00169"
"14.657400131225586","58.349517822265625","SE",63793,"SE007","Phaeozem","00171"
"14.664948463439941","58.31757736206055","SE",63794,"SE008","Cambisol","00172"
"15.04111111111111","58.949444444444445","SE",63771,"SE009","Podzol","00175"
"15.0425","58.94916666666667","SE",63772,"SE010","Podzol","00178"
"18.030410766601562","59.42147445678711","SE",63795,"SE011","Cambisol","00182"
"17.79714012145996","59.858253479003906","SE",63796,"SE012","Cambisol","00186"
"18.027904510498047","59.78181457519531","SE",63797,"SE013","Cambisol","00188"
"19.703250885009766","64.19625091552734","SE",69764,"SE014","Regosol","00202"
"19.566666666666666","64.19166666666666","SE",69807,"SE015","Podzol","00206"
"19.666666666666668","64.25","SE",69661,"SE016","Podzol","00208"
"19.485277777777778","64.2025","SE",69493,"SE017","Podzol","00210"
"15.287431716918945","59.89506530761719","SE",63776,"SE018","Podzol","11238"
"12.127120971679688","57.35178756713867","SE",63808,"SE019","Leptosol","11239"
"19.764825","64.243969","SE",63703,"SE020","Podzol","11240"
"17.3","48.2","SK",69665,"SK001","Gleysol","11241"
"17.420833333333334","48.24333333333333","SK",69675,"SK002","Phaeozem","11242"
"17.815555555555555","48.318888888888885","SK",69532,"SK003","Chernozem","11243"
"17.815555555555555","48.318888888888885","SK",69488,"SK004","Luvisol","11244"
"17.558888888888887","48.26444444444444","SK",63744,"SK005","Chernozem","11245"
"17.5","48.416666666666664","SK",69603,"SK006","Luvisol","11246"
"18.026944444444446","48.13055555555555","SK",69714,"SK007","Gleysol",NULL
"-55.137766666666664","5.7825","SR",250638,"SR001","Gleysol","10326"
"-55.12093333333333","5.462516666666667","SR",250639,"SR002","Plinthosol","10329"
"-55.09725","5.111816666666667","SR",250640,"SR003","Ferralsol","10331"
"39.33332824707031","35.83332824707031","SY",69812,"SY002","Calcisol","11251"
"39.333333333333336","35.833333333333336","SY",69654,"SY003","Gypsisol","11252"
"0.413889","10.3194","TG",60360,"TG001","Fluvisol","11253"
"100.75","14.25","TH",69874,"TH001","Gleysol","00111"
"100.66666666666667","14.8","TH",69687,"TH002","Vertisol","00112"
"100.25","15.116666666666667","TH",69500,"TH003","Gleysol","00114"
"100.23333333333333","14.9","TH",69655,"TH004","Gleysol","00116"
"100.95","14.583333333333334","TH",69846,"TH005","Luvisol","00118"
"99.9","14.266666666666667","TH",69785,"TH006","Luvisol","00119"
"101.38333333333334","14.466666666666667","TH",69610,"TH008","Cambisol","00120"
"102.1","12.616666666666667","TH",69733,"TH009","Cambisol","00121"
"100.06666666666666","12.616666666666667","TH",69545,"TH010","Plinthosol","00123"
"101.08333333333333","13.35","TH",69854,"TH011","Cambisol","00501"
"102.83333333333333","16.483333333333334","TH",69845,"TH012","Acrisol","00125"
"102.83333333333333","16.516666666666666","TH",69791,"TH013","Cambisol","00126"
"68.83333333333333","37.71666666666667","TJ",63704,"TJ001","Anthrosol","11266"
"33.833333333333336","39.86666666666667","TR",69551,"TR001","Calcisol","00285"
"37.35","39.733333333333334","TR",69708,"TR002","Calcisol","00288"
"43.21666666666667","40.8","TR",69678,"TR006","Phaeozem","00297"
"33.56666666666667","37.733333333333334","TR",69722,"TR008","Calcisol","00309"
"30.65","37","TR",69926,"TR010","Calcisol","00318"
"31.283333333333335","39.43333333333333","TR",69781,"TR011","Calcisol","00321"
"29.933333333333334","39.916666666666664","TR",69802,"TR012","Calcisol","00325"
"27.05","41.516666666666666","TR",69934,"TR013","Luvisol","00328"
"27.55","41.35","TR",69673,"TR014","Vertisol","00330"
"28.466666666666665","41.083333333333336","TR",69510,"TR015","Regosol","00337"
"38.95","36.833333333333336","TR",63705,"TR016","Vertisol","09468"
"38.916666666666664","36.96666666666667","TR",63706,"TR017","Calcisol","09469"
"39.916666666666664","36.96666666666667","TR",63707,"TR018","Vertisol","09470"
"36.56666666666667","36.266666666666666","TR",63708,"TR019","Cambisol","09472"
"35.416666666666664","48.333333333333336","UA",63709,"UA001","Chernozem","11281"
"32.5","46.5","UA",63710,"UA002","Solonetz","11282"
"-84.73138888888889","45.391666666666666","US",69632,"US001","Podzol","11283"
"-81.1512680053711","35.60309600830078","US",69790,"US002","Acrisol","11284"
"-80.45","35.833333333333336","US",69909,"US003","Nitisol","11285"
"-79.00702667236328","34.898738861083984","US",69798,"US004","Acrisol","11286"
"-155.65916666666666","20.025","US",69513,"US005","Andosol","11287"
"-155.4488888888889","20.06833333333333","US",69910,"US006","Andosol","11288"
"-155.10055555555556","19.744166666666665","US",69526,"US007","Andosol","11289"
"-158.04","21.395555555555557","US",69588,"US008","Ferralsol",NULL
"-158.00083333333333","21.431666666666665","US",69804,"US009","Ferralsol","11291"
"-159.40083333333334","22.07138888888889","US",69876,"US010","Ferralsol","11292"
"-121.3","38.166666666666664","US",69754,"US011","Durisol","11293"
"-121.90179443359375","38.76459884643555","US",69914,"US012","Regosol","11294"
"-99.46666666666667","40.46666666666667","US",69890,"US013","Chernozem","11295"
"-105.9","37.46666666666667","US",69900,"US014","Gypsisol","09808"
"-86.83061981201172","40.24775695800781","US",69844,"US015","Luvisol","11297"
"-147.83333333333334","64.86666666666666","US",69604,"US017","Cryosol","11298"
"-72.60614013671875","42.32612228393555","US",69498,"US018","Fluvisol","11299"
"-93.61334991455078","47.169437408447266","US",69561,"US019","Albeluvisol","11300"
"-111.9249496459961","48.30659103393555","US",69840,"US020","Kastanozem","11301"
"-93.7652816772461","40.86785125732422","US",69824,"US021","Phaeozem","11302"
"-96.9494857788086","31.288301467895508","US",69502,"US022","Vertisol","11303"
"-96.9494857788086","31.288301467895508","US",69583,"US023","Vertisol","11304"
"-98.20720672607422","26.442386627197266","US",69538,"US024","Kastanozem","11305"
"-93.67295837402344","42.414085388183594","US",69531,"US025","Phaeozem","11306"
"-115.333251953125","43.03226852416992","US",69776,"US026","Solonetz","11307"
"-82.25694444444444","29.708333333333332","US",69487,"US027","Podzol","11308"
"-88.14793395996094","39.06074142456055","US",69618,"US028","Luvisol","11309"
"-53.266666666666666","-32.65","UY",69589,"UY001","Planosol","07908"
"-56.415225","-34.562114","UY",69517,"UY002","Phaeozem","11311"
"-56.051903","-34.066975","UY",69897,"UY003","Luvisol","11312"
"-55.880931","-34.018047","UY",69704,"UY004","Regosol","11313"
"-56.056647","-34.551636","UY",69562,"UY005","Vertisol","11314"
"-56.05715","-34.533142","UY",69607,"UY006","Vertisol","11315"
"-57.833333333333336","-32.666666666666664","UY",69609,"UY007","Planosol","11316"
"-57.5","-32","UY",69534,"UY008","Vertisol","11317"
"-56.416666666666664","-31.083333333333332","UY",69741,"UY009","Planosol","11318"
"-55.016666666666666","-32.166666666666664","UY",69818,"UY010","Alisol","11319"
"-69.16670989990234","7.583233833312988","VE",63789,"VE001","Acrisol","06612"
"-172.36333333333334","-13.458333333333334","WS",69612,"WS001","Ferralsol","11320"
"-171.56916666666666","-13.9","WS",63695,"WS002","Cambisol","11321"
"-171.72194444444443","-13.861944444444445","WS",69647,"WS003","Cambisol","11322"
"-171.43016052246094","-14.00666332244873","WS",63785,"WS004","Cambisol","11323"
"30.416667","-29.616667","ZA",62643,"ZA001","Phaeozem","00703"
"30.783333","-29.066667","ZA",62683,"ZA002","Ferralsol","00738"
"30.916667","-29.05","ZA",62701,"ZA003","Umbrisol","00747"
"30.3333","-29.3333","ZA",62630,"ZA005","Acrisol","00818"
"31.1861","-29.4194","ZA",62721,"ZA006","Arenosol","00803"
"30.8","-29.8167","ZA",62685,"ZA007","Umbrisol","00810"
"30.5167","-29.5833","ZA",62653,"ZA008","Vertisol","00842"
"30.4833","-29.5833","ZA",62648,"ZA009","Vertisol","00846"
"30.456417083740234","-29.47828483581543","ZA",62758,"ZA010","Regosol","00851"
"30.566667","-29.416667","ZA",62661,"ZA011","Solonetz","00861"
"30.273333","-29.518333","ZA",62622,"ZA012","Umbrisol","00872"
"30.616667","-29.8","ZA",62665,"ZA013","Arenosol","00883"
"30.683333","-29.766667","ZA",62677,"ZA014","Arenosol","00953"
"30.416183471679688","-29.542890548706055","ZA",62759,"ZA015","Acrisol","00911"
"30.383333","-29.666667","ZA",62637,"ZA016","Phaeozem","00939"
"30.43126106262207","-29.521259307861328","ZA",62760,"ZA017","Phaeozem","00913"
"30.06740951538086","-29.80350112915039","ZA",62761,"ZA018","Luvisol","11340"
"30.070144653320312","-29.89554786682129","ZA",62762,"ZA019","Regosol","00969"
"30.066667","-29.916667","ZA",62596,"ZA020","Umbrisol","00966"
"30.658333","-29.45","ZA",62673,"ZA021","Alisol","00976"
"23.266667","-15.229167","ZM",62780,"ZM001","Podzol","11344"
"31.166667","-10.166667","ZM",63157,"ZM002","Ferralsol","01823"
"31.5","-8.833333","ZM",63217,"ZM003","Acrisol","11346"
"31.283333","-8.916667","ZM",63211,"ZM004","Ferralsol","11347"
"31.166667","-10.166667","ZM",63158,"ZM005","Ferralsol","11348"
"31.166667","-10.166667","ZM",63159,"ZM006","Ferralsol","11349"
"31.166667","-10.166667","ZM",63160,"ZM007","Regosol",NULL
"31.133333","-10.166667","ZM",63151,"ZM008","Acrisol","01776"
"31.166667","-10.166667","ZM",63161,"ZM009","Ferralsol","01811"
"28.183333","-13.516667","ZM",63020,"ZM010","Nitisol","01832"
"27.9166659999999","-15.7666664","ZM",62950,"ZM011","Vertisol","11354"
"31.05","-17.8","ZW",63424,"ZW001","Lixisol","11355"
"31.127778","-17.8875","ZW",63432,"ZW002","Ferralsol","11356"
"30.783333","-19.844444","ZW",63406,"ZW003","Acrisol","11357"
"31.018056","-17.691667","ZW",63421,"ZW004","Ferralsol","11358"
"31.575","-21.016667","ZW",63541,"ZW005","Luvisol","11359"
"32.2375","-20.797222","ZW",63579,"ZW006","Vertisol","11360"
"30.883333","-17.583333","ZW",63409,"ZW007","Gleysol","11361"
"31.133611","-17.610278","ZW",63434,"ZW009","Ferralsol","11362"
"31.75","-19.8","ZW",63558,"ZW011","Plinthosol","11363"
"31.75","-19.8","ZW",63559,"ZW012","Lixisol","11364"
"31.75","-19.8","ZW",63560,"ZW013","Gleysol","11365"
